{"stats":{"minecraft:mined":{"minecraft:grass_block":5,"minecraft:dirt":5},"minecraft:killed":{"minecraft:spider":1},"minecraft:picked_up":{"minecraft:birch_log":1,"minecraft:rotten_flesh":3,"minecraft:netherrack":7,"minecraft:string":2,"minecraft:dirt":26,"alexsmobs:animal_dictionary":1,"minecraft:cobblestone":4},"minecraft:dropped":{"alexsmobs:animal_dictionary":1},"minecraft:custom":{"minecraft:time_since_rest":3453,"lootr:looted_stat":1,"minecraft:play_time":24139,"minecraft:sprint_one_cm":55682,"minecraft:walk_one_cm":104559,"minecraft:damage_taken":1369,"minecraft:deaths":4,"minecraft:walk_under_water_one_cm":22474,"minecraft:mob_kills":1,"minecraft:drop":1,"minecraft:damage_dealt_resisted":0,"minecraft:jump":150,"minecraft:damage_dealt":578,"minecraft:leave_game":1,"minecraft:time_since_death":3421,"minecraft:walk_on_water_one_cm":26303,"minecraft:total_world_time":24139,"minecraft:fall_one_cm":6036,"minecraft:fly_one_cm":51634},"minecraft:killed_by":{"minecraft:creeper":1,"minecraft:spider":1,"minecraft:zombie":1,"minecraft:player":1},"minecraft:used":{"minecraft:dirt":14}},"DataVersion":3465}