{"stats":{"minecraft:mined":{"minecraft:grass_block":1,"minecraft:dirt":3},"minecraft:picked_up":{"alexsmobs:animal_dictionary":1,"minecraft:dirt":4},"minecraft:dropped":{"alexsmobs:animal_dictionary":1},"minecraft:custom":{"minecraft:jump":10,"minecraft:time_since_rest":12139,"minecraft:damage_dealt":40,"minecraft:leave_game":1,"minecraft:play_time":12139,"minecraft:damage_taken":75,"minecraft:time_since_death":12139,"minecraft:walk_one_cm":15141,"minecraft:total_world_time":12139,"minecraft:fly_one_cm":60,"minecraft:drop":1,"minecraft:fall_one_cm":991},"minecraft:used":{"minecraft:dirt":4}},"DataVersion":3465}