{"stats":{"minecraft:mined":{"minecraft:grass_block":5,"minecraft:dirt":5,"minecraft:birch_log":2,"minecraft:crafting_table":1},"minecraft:killed":{"minecraft:spider":1},"minecraft:picked_up":{"minecraft:birch_log":3,"minecraft:crafting_table":1,"minecraft:rotten_flesh":3,"minecraft:netherrack":8,"minecraft:string":2,"minecraft:dirt":26,"alexsmobs:animal_dictionary":1,"minecraft:cobblestone":4},"minecraft:dropped":{"alexsmobs:animal_dictionary":1,"minecraft:netherrack":1},"minecraft:crafted":{"minecraft:birch_planks":8,"minecraft:stick":8},"minecraft:custom":{"minecraft:time_since_rest":969,"minecraft:crouch_one_cm":113,"lootr:looted_stat":1,"minecraft:play_time":30317,"minecraft:sprint_one_cm":59569,"minecraft:walk_one_cm":131680,"minecraft:damage_taken":1452,"minecraft:deaths":5,"minecraft:sneak_time":6,"minecraft:walk_under_water_one_cm":22474,"minecraft:mob_kills":1,"minecraft:drop":2,"minecraft:damage_dealt_resisted":0,"minecraft:jump":178,"minecraft:damage_dealt":578,"minecraft:leave_game":2,"minecraft:time_since_death":942,"minecraft:walk_on_water_one_cm":26303,"minecraft:damage_resisted":0,"minecraft:total_world_time":30317,"minecraft:fall_one_cm":6512,"minecraft:fly_one_cm":60897},"minecraft:killed_by":{"minecraft:creeper":1,"minecraft:spider":1,"minecraft:zombie":1,"minecraft:player":1},"minecraft:used":{"minecraft:dirt":14}},"DataVersion":3465}