{"stats":{"minecraft:mined":{"minecraft:birch_log":7,"minecraft:birch_leaves":3,"minecraft:grass":1},"minecraft:killed":{"minecraft:sheep":4,"minecraft:zombie":1,"terramity:green_fairy":1},"minecraft:picked_up":{"minecraft:birch_log":7,"minecraft:magma_block":2,"terramity:fairy_dust":2,"minecraft:dirt":4,"minecraft:bone":1,"minecraft:rotten_flesh":2,"minecraft:mutton":5,"minecraft:white_wool":4},"minecraft:dropped":{"minecraft:dirt":7,"alexsmobs:animal_dictionary":2,"minecraft:cobblestone":2,"minecraft:rotten_flesh":2,"patchouli:guide_book":6,"minecraft:bone":1},"minecraft:crafted":{"minecraft:crafting_table":1,"comforts:sleeping_bag_white":1,"minecraft:birch_planks":28},"minecraft:custom":{"minecraft:time_since_rest":3364,"minecraft:sprint_one_cm":71353,"lootr:looted_stat":1,"minecraft:damage_taken":911,"minecraft:walk_one_cm":79669,"minecraft:mob_kills":6,"minecraft:drop":20,"minecraft:damage_dealt":554,"minecraft:swim_one_cm":10073,"minecraft:interact_with_crafting_table":1,"minecraft:fly_one_cm":106647,"minecraft:player_kills":1,"minecraft:crouch_one_cm":929,"minecraft:play_time":19120,"minecraft:deaths":3,"minecraft:sneak_time":103,"minecraft:walk_under_water_one_cm":2121,"minecraft:jump":230,"minecraft:damage_dealt_resisted":0,"minecraft:leave_game":2,"minecraft:walk_on_water_one_cm":1932,"minecraft:time_since_death":3334,"minecraft:total_world_time":19120,"minecraft:fall_one_cm":7729},"minecraft:killed_by":{"minecraft:creeper":1,"minecraft:zombie":1},"minecraft:used":{"minecraft:dirt":4,"minecraft:magma_block":1,"minecraft:crafting_table":1,"minecraft:golden_axe":17}},"DataVersion":3465}