{"stats":{"minecraft:mined":{"minecraft:birch_log":7,"minecraft:birch_leaves":3,"minecraft:crafting_table":1,"minecraft:grass":1,"minecraft:stone":11},"minecraft:killed":{"minecraft:sheep":4,"minecraft:zombie":1,"terramity:green_fairy":1},"minecraft:picked_up":{"minecraft:birch_log":7,"minecraft:crafting_table":1,"minecraft:magma_block":2,"terramity:fairy_dust":2,"minecraft:dirt":4,"minecraft:bone":1,"minecraft:rotten_flesh":2,"comforts:sleeping_bag_white":1,"minecraft:mutton":5,"minecraft:white_wool":4,"minecraft:cobblestone":11},"minecraft:dropped":{"minecraft:dirt":7,"alexsmobs:animal_dictionary":2,"minecraft:cobblestone":2,"minecraft:rotten_flesh":2,"minecraft:wooden_pickaxe":1,"patchouli:guide_book":6,"minecraft:bone":1},"minecraft:crafted":{"minecraft:crafting_table":1,"minecraft:stick":8,"comforts:sleeping_bag_white":1,"minecraft:wooden_pickaxe":1,"minecraft:stone_pickaxe":1,"minecraft:stone_sword":1,"minecraft:birch_planks":28},"minecraft:custom":{"minecraft:time_since_rest":1560,"minecraft:sprint_one_cm":88940,"lootr:looted_stat":1,"minecraft:damage_taken":1096,"minecraft:walk_one_cm":124955,"minecraft:mob_kills":6,"minecraft:drop":21,"minecraft:damage_dealt":554,"minecraft:swim_one_cm":10073,"minecraft:interact_with_crafting_table":5,"minecraft:player_kills":1,"minecraft:fly_one_cm":170257,"minecraft:crouch_one_cm":929,"minecraft:play_time":28805,"minecraft:deaths":4,"minecraft:sneak_time":104,"minecraft:walk_under_water_one_cm":2363,"minecraft:jump":364,"minecraft:damage_dealt_resisted":0,"minecraft:leave_game":4,"minecraft:time_since_death":3765,"minecraft:walk_on_water_one_cm":2589,"minecraft:sleep_in_bed":1,"minecraft:total_world_time":28805,"minecraft:fall_one_cm":9668},"minecraft:killed_by":{"minecraft:creeper":1,"minecraft:zombie":1},"minecraft:used":{"minecraft:wooden_pickaxe":11,"minecraft:dirt":4,"minecraft:magma_block":2,"minecraft:crafting_table":2,"comforts:sleeping_bag_white":1,"minecraft:golden_axe":18,"minecraft:iron_leggings":1}},"DataVersion":3465}