{"stats":{"minecraft:killed_by":{"alexsmobs:grizzly_bear":1},"minecraft:custom":{"minecraft:time_since_rest":3854,"minecraft:deaths":1,"minecraft:waystone_activated":1,"minecraft:crouch_one_cm":149,"minecraft:play_time":12988,"lootr:looted_stat":2,"minecraft:sprint_one_cm":56721,"minecraft:damage_taken":250,"minecraft:walk_one_cm":58839,"minecraft:sneak_time":17,"minecraft:walk_under_water_one_cm":654,"minecraft:drop":1,"minecraft:jump":128,"minecraft:leave_game":2,"minecraft:walk_on_water_one_cm":1885,"minecraft:time_since_death":3827,"minecraft:sleep_in_bed":1,"minecraft:climb_one_cm":122,"minecraft:total_world_time":12988,"minecraft:swim_one_cm":1500,"minecraft:fall_one_cm":2096,"minecraft:fly_one_cm":60408},"minecraft:crafted":{"minecraft:oak_planks":8},"minecraft:mined":{"minecraft:oak_log":2},"minecraft:dropped":{"minecraft:rotten_flesh":1},"minecraft:picked_up":{"minecraft:stick":1,"minecraft:rotten_flesh":2,"minecraft:torch":1,"minecraft:oak_log":2,"minecraft:birch_sapling":1}},"DataVersion":3465}