{"stats":{"minecraft:crafted":{"minecraft:oak_planks":8},"minecraft:mined":{"minecraft:oak_log":2},"minecraft:dropped":{"minecraft:rotten_flesh":1},"minecraft:custom":{"minecraft:time_since_rest":89098,"minecraft:waystone_activated":1,"minecraft:deaths":1,"minecraft:crouch_one_cm":280,"minecraft:play_time":102360,"lootr:looted_stat":2,"minecraft:sprint_one_cm":59096,"minecraft:damage_taken":250,"minecraft:walk_one_cm":62193,"minecraft:sneak_time":167,"minecraft:walk_under_water_one_cm":865,"minecraft:drop":1,"minecraft:jump":131,"minecraft:leave_game":2,"minecraft:walk_on_water_one_cm":2200,"minecraft:time_since_death":93199,"minecraft:sleep_in_bed":2,"minecraft:climb_one_cm":122,"minecraft:total_world_time":102360,"minecraft:swim_one_cm":1500,"minecraft:fall_one_cm":2096,"minecraft:fly_one_cm":198298},"minecraft:picked_up":{"minecraft:stick":1,"minecraft:rotten_flesh":2,"minecraft:torch":1,"minecraft:oak_log":2,"minecraft:birch_sapling":1},"minecraft:killed_by":{"alexsmobs:grizzly_bear":1}},"DataVersion":3465}